{"cameraMode":{"drawMode":0,"name":"Shaded","section":"Shading Mode"},"sceneLighting":true,"audioPlay":false,"sceneViewState":{"showFog":false,"showMaterialUpdate":false,"showSkybox":false,"showFlares":false,"showImageEffects":false,"showParticleSystems":true},"in2DMode":false,"pivot":{"x":82.20323181152344,"y":-17.74822235107422,"z":57.10433578491211},"rotation":{"x":-0.09363579005002976,"y":-0.4254087507724762,"z":0.04441111907362938,"w":-0.8991811871528626},"size":98.37312316894531,"orthographic":false}