{"cameraMode":{"drawMode":0,"name":"Shaded","section":"Shading Mode"},"sceneLighting":true,"audioPlay":false,"sceneViewState":{"showFog":false,"showMaterialUpdate":false,"showSkybox":false,"showFlares":false,"showImageEffects":false,"showParticleSystems":true},"in2DMode":false,"pivot":{"x":213.86898803710938,"y":84.84434509277344,"z":351.7911376953125},"rotation":{"x":-0.07218537479639054,"y":0.04396527260541916,"z":-0.0031433457043021919,"w":-0.9965408444404602},"size":964.1748046875,"orthographic":false}