{"cameraMode":{"drawMode":0,"name":"Shaded","section":"Shading Mode"},"sceneLighting":true,"audioPlay":false,"sceneViewState":{"showFog":false,"showMaterialUpdate":false,"showSkybox":false,"showFlares":false,"showImageEffects":false,"showParticleSystems":true},"in2DMode":false,"pivot":{"x":-18.23630714416504,"y":-9.777609825134278,"z":-11.410622596740723},"rotation":{"x":-0.12116769701242447,"y":0.8063238859176636,"z":-0.1771664321422577,"w":-0.5512608885765076},"size":40.010372161865237,"orthographic":false}