{"cameraMode":{"drawMode":0,"name":"Shaded","section":"Shading Mode"},"sceneLighting":false,"audioPlay":false,"sceneViewState":{"showFog":false,"showMaterialUpdate":false,"showSkybox":false,"showFlares":false,"showImageEffects":false,"showParticleSystems":true},"in2DMode":false,"pivot":{"x":7.909999847412109,"y":5.3532257080078129,"z":-4.474354267120361},"rotation":{"x":-0.06082015112042427,"y":0.9306477308273315,"z":-0.18120235204696656,"w":-0.31221771240234377},"size":11.004645347595215,"orthographic":false}